id,name,email,country,created_at
1,user_001,user_001@example.test,USA,2025-10-03
2,user_002,user_002@example.test,Portugal,2025-10-05
3,user_003,user_003@example.test,Canada,2025-10-07
4,user_004,user_004@example.test,UK,2025-10-09
5,user_005,user_005@example.test,Spain,2025-10-11
6,user_006,user_006@example.test,Netherlands,2025-10-13
7,user_007,user_007@example.test,Germany,2025-10-15
8,user_008,user_008@example.test,Italy,2025-10-17
9,user_009,user_009@example.test,Sweden,2025-10-19
10,user_010,user_010@example.test,USA,2025-10-21
11,user_011,user_011@example.test,France,2025-10-23
12,user_012,user_012@example.test,Portugal,2025-10-25
13,user_013,user_013@example.test,Canada,2025-10-27
14,user_014,user_014@example.test,UK,2025-10-29
15,user_015,user_015@example.test,Spain,2025-10-31
16,user_016,user_016@example.test,Netherlands,2025-11-02
17,user_017,user_017@example.test,Germany,2025-11-04
18,user_018,user_018@example.test,Italy,2025-11-06
19,user_019,user_019@example.test,Sweden,2025-11-08
20,user_020,user_020@example.test,USA,2025-11-10
21,user_021,user_021@example.test,France,2025-11-12
22,user_022,user_022@example.test,Portugal,2025-11-14
23,user_023,user_023@example.test,Canada,2025-11-16
24,user_024,user_024@example.test,UK,2025-11-18
25,user_025,user_025@example.test,Spain,2025-11-20
26,user_026,user_026@example.test,Netherlands,2025-11-22
27,user_027,user_027@example.test,Germany,2025-11-24
28,user_028,user_028@example.test,Italy,2025-11-26
29,user_029,user_029@example.test,Sweden,2025-11-28
30,user_030,user_030@example.test,USA,2025-11-30
31,user_031,user_031@example.test,France,2025-12-02
32,user_032,user_032@example.test,Portugal,2025-12-04
33,user_033,user_033@example.test,Canada,2025-12-06
34,user_034,user_034@example.test,UK,2025-12-08
35,user_035,user_035@example.test,Spain,2025-12-10
36,user_036,user_036@example.test,Netherlands,2025-12-12
37,user_037,user_037@example.test,Germany,2025-12-14
38,user_038,user_038@example.test,Italy,2025-12-16
39,user_039,user_039@example.test,Sweden,2025-12-18
40,user_040,user_040@example.test,USA,2025-12-20
41,user_041,user_041@example.test,France,2025-12-22
42,user_042,user_042@example.test,Portugal,2025-12-24
43,user_043,user_043@example.test,Canada,2025-12-26
44,user_044,user_044@example.test,UK,2025-12-28
45,user_045,user_045@example.test,Spain,2025-12-30
46,user_046,user_046@example.test,Netherlands,2026-01-01
47,user_047,user_047@example.test,Germany,2026-01-03
48,user_048,user_048@example.test,Italy,2026-01-05
49,user_049,user_049@example.test,Sweden,2026-01-07
50,user_050,user_050@example.test,USA,2026-01-09
51,user_051,user_051@example.test,France,2026-01-11
52,user_052,user_052@example.test,Portugal,2026-01-13
53,user_053,user_053@example.test,Canada,2026-01-15
54,user_054,user_054@example.test,UK,2026-01-17
55,user_055,user_055@example.test,Spain,2026-01-19
56,user_056,user_056@example.test,Netherlands,2026-01-21
57,user_057,user_057@example.test,Germany,2026-01-23
58,user_058,user_058@example.test,Italy,2026-01-25
59,user_059,user_059@example.test,Sweden,2026-01-27
60,user_060,user_060@example.test,USA,2026-01-29
61,user_061,user_061@example.test,France,2026-01-31
62,user_062,user_062@example.test,Portugal,2026-02-02
63,user_063,user_063@example.test,Canada,2026-02-04
64,user_064,user_064@example.test,UK,2026-02-06
65,user_065,user_065@example.test,Spain,2026-02-08
66,user_066,user_066@example.test,Netherlands,2026-02-10
67,user_067,user_067@example.test,Germany,2026-02-12
68,user_068,user_068@example.test,Italy,2026-02-14
69,user_069,user_069@example.test,Sweden,2026-02-16
70,user_070,user_070@example.test,USA,2026-02-18
71,user_071,user_071@example.test,France,2026-02-20
72,user_072,user_072@example.test,Portugal,2026-02-22
73,user_073,user_073@example.test,Canada,2026-02-24
74,user_074,user_074@example.test,UK,2026-02-26
75,user_075,user_075@example.test,Spain,2026-02-28
76,user_076,user_076@example.test,Netherlands,2026-03-02
77,user_077,user_077@example.test,Germany,2026-03-04
78,user_078,user_078@example.test,Italy,2026-03-06
79,user_079,user_079@example.test,Sweden,2026-03-08
80,user_080,user_080@example.test,USA,2026-03-10
81,user_081,user_081@example.test,France,2026-03-12
82,user_082,user_082@example.test,Portugal,2026-03-14
83,user_083,user_083@example.test,Canada,2026-03-16
84,user_084,user_084@example.test,UK,2026-03-18
85,user_085,user_085@example.test,Spain,2026-03-20
86,user_086,user_086@example.test,Netherlands,2026-03-22
87,user_087,user_087@example.test,Germany,2026-03-24
88,user_088,user_088@example.test,Italy,2026-03-26
89,user_089,user_089@example.test,Sweden,2026-03-28
90,user_090,user_090@example.test,USA,2026-03-30
91,user_091,user_091@example.test,France,2026-04-01
92,user_092,user_092@example.test,Portugal,2026-04-03
93,user_093,user_093@example.test,Canada,2026-04-05
94,user_094,user_094@example.test,UK,2026-04-07
95,user_095,user_095@example.test,Spain,2026-04-09
96,user_096,user_096@example.test,Netherlands,2026-04-11
97,user_097,user_097@example.test,Germany,2026-04-13
98,user_098,user_098@example.test,Italy,2026-04-15
99,user_099,user_099@example.test,Sweden,2026-04-17
100,user_100,user_100@example.test,USA,2026-04-19
101,user_101,user_101@example.test,France,2026-04-21
102,user_102,user_102@example.test,Portugal,2026-04-23
103,user_103,user_103@example.test,Canada,2026-04-25
104,user_104,user_104@example.test,UK,2026-04-27
105,user_105,user_105@example.test,Spain,2026-04-29
106,user_106,user_106@example.test,Netherlands,2026-05-01
107,user_107,user_107@example.test,Germany,2026-05-03
108,user_108,user_108@example.test,Italy,2026-05-05
109,user_109,user_109@example.test,Sweden,2026-05-07
110,user_110,user_110@example.test,USA,2026-05-09
111,user_111,user_111@example.test,France,2026-05-11
112,user_112,user_112@example.test,Portugal,2026-05-13
113,user_113,user_113@example.test,Canada,2026-05-15
114,user_114,user_114@example.test,UK,2026-05-17
115,user_115,user_115@example.test,Spain,2026-05-19
116,user_116,user_116@example.test,Netherlands,2026-05-21
117,user_117,user_117@example.test,Germany,2026-05-23
118,user_118,user_118@example.test,Italy,2026-05-25
119,user_119,user_119@example.test,Sweden,2026-05-27
120,user_120,user_120@example.test,USA,2026-05-29
